{
  "dataMyWorklistResearchAuditStatusHistoryTab": [
    {
      "id": 1,
      "fieldList": [
        {
          "fieldType": "label",
          "fieldName": "Responsibility Type",
          "fieldValue": "Patient",
          "hasCheckAll": false,
          "columnWidth": 133,
          "footerContent": ""
        },
        {
          "fieldType": "label-audit-status",
          "fieldName": "Audit Status",
          "fieldValue": "Pending",
          "hasCheckAll": false,
          "columnWidth": 133,
          "footerContent": ""
        },
        {
          "fieldType": "label",
          "fieldName": "Data Set",
          "fieldValue": "4/9/2021 8:16:22 AM",
          "hasCheckAll": false,
          "columnWidth": 193,
          "footerContent": ""
        },
        {
          "fieldType": "label",
          "fieldName": "Changed By",
          "fieldValue": "John Doe",
          "hasCheckAll": false,
          "columnWidth": 193,
          "footerContent": ""
        },
        {
          "fieldType": "label",
          "fieldName": "Current Auditor",
          "fieldValue": "Auditor 1",
          "hasCheckAll": false,
          "columnWidth": 193,
          "footerContent": ""
        },
        {
          "fieldType": "label",
          "fieldName": "Event Date",
          "fieldValue": "4/9/2021",
          "hasCheckAll": false,
          "columnWidth": 183,
          "footerContent": ""
        },
        {
          "fieldType": "label",
          "fieldName": "Days Elapsed",
          "fieldValue": "2 days",
          "hasCheckAll": false,
          "columnWidth": 183,
          "footerContent": ""
        },
        {
          "fieldType": "label",
          "fieldName": "Variance Category",
          "fieldValue": "",
          "hasCheckAll": false,
          "columnWidth": 183,
          "footerContent": ""
        },
        {
          "fieldType": "label",
          "fieldName": "Current Reviewer",
          "fieldValue": "",
          "hasCheckAll": false,
          "columnWidth": 183,
          "footerContent": ""
        }
      ]
    },
    {
      "id": 2,
      "fieldList": [
        {
          "fieldValue": "Payer 1"
        },
        {
          "fieldValue": "Pending"
        },
        {
          "fieldValue": "4/9/2021 8:16:54 AM"
        },
        {
          "fieldValue": "Emma White"
        },
        {
          "fieldValue": "Unassigned"
        },
        {
          "fieldValue": "4/9/2021"
        },
        {
          "fieldValue": "0"
        },
        {
          "fieldValue": ""
        },
        {
          "fieldValue": ""
        }
      ]
    }
  ]
}
