{
  "dataMyWorklistResearchClaimsHistoryTabRemits": [
    {
      "id": 1,
      "fieldList": [
        {
          "fieldType": "label-expand-arrow",
          "fieldName": "Patient Cntrl #",
          "fieldValue": "34",
          "hasCheckAll": false,
          "columnWidth": 133,
          "footerContent": "TOTAL"
        },
        {
          "fieldType": "label",
          "fieldName": "Provider",
          "fieldValue": "John",
          "hasCheckAll": false,
          "columnWidth": 133,
          "footerContent": ""
        },
        {
          "fieldType": "label",
          "fieldName": "Payer",
          "fieldValue": "Jane",
          "hasCheckAll": false,
          "columnWidth": 133,
          "footerContent": ""
        },
        {
          "fieldType": "label",
          "fieldName": "Type of Bill",
          "fieldValue": "120",
          "hasCheckAll": false,
          "columnWidth": 133,
          "footerContent": ""
        },
        {
          "fieldType": "label",
          "fieldName": "Claim Freq Type",
          "fieldValue": "Admit Thru Discharge",
          "hasCheckAll": false,
          "columnWidth": 133,
          "footerContent": ""
        },
        {
          "fieldType": "label",
          "fieldName": "Effective Date",
          "fieldValue": "1/10/2021",
          "hasCheckAll": false,
          "columnWidth": 133,
          "footerContent": ""
        },
        {
          "fieldType": "label",
          "fieldName": "Check Number",
          "fieldValue": "2323200",
          "hasCheckAll": false,
          "columnWidth": 133,
          "footerContent": ""
        },
        {
          "fieldType": "label",
          "fieldName": "Statement From Date",
          "fieldValue": "1/10/2021",
          "hasCheckAll": false,
          "columnWidth": 133,
          "footerContent": ""
        },
        {
          "fieldType": "label",
          "fieldName": "Statement To Date",
          "fieldValue": "1/10/2021",
          "hasCheckAll": false,
          "columnWidth": 133,
          "footerContent": ""
        },
        {
          "fieldType": "label",
          "fieldName": "Claim Status",
          "fieldValue": "Pending",
          "hasCheckAll": false,
          "columnWidth": 133,
          "footerContent": ""
        },
        {
          "fieldType": "label-right",
          "fieldName": "Claim Billed Amount",
          "fieldValue": "$1000.00",
          "hasCheckAll": false,
          "columnWidth": 133,
          "footerContent": "currency"
        },
        {
          "fieldType": "label",
          "fieldName": "Claim Paid Amount",
          "fieldValue": "",
          "hasCheckAll": false,
          "columnWidth": 133,
          "footerContent": ""
        },
        {
          "fieldType": "label",
          "fieldName": "Claim-Level Adjust Amount",
          "fieldValue": "32",
          "hasCheckAll": false,
          "columnWidth": 133,
          "footerContent": ""
        },
        {
          "fieldType": "label",
          "fieldName": "Claim-Level Denial Amount",
          "fieldValue": "30",
          "hasCheckAll": false,
          "columnWidth": 133,
          "footerContent": ""
        },
        {
          "fieldType": "label",
          "fieldName": "Line-Level Adjust Amount",
          "fieldValue": "20",
          "hasCheckAll": false,
          "columnWidth": 133,
          "footerContent": ""
        },
        {
          "fieldType": "label",
          "fieldName": "Line Count",
          "fieldValue": "1",
          "hasCheckAll": false,
          "columnWidth": 133,
          "footerContent": ""
        },
        {
          "fieldType": "label",
          "fieldName": "Line-Level Denial Amount",
          "fieldValue": "22",
          "hasCheckAll": false,
          "columnWidth": 133,
          "footerContent": ""
        },
        {
          "fieldType": "label",
          "fieldName": "Claim Level Adj Reason Codes",
          "fieldValue": "",
          "hasCheckAll": false,
          "columnWidth": 133,
          "footerContent": ""
        },
        {
          "fieldType": "label",
          "fieldName": "Claim Level Remark Codes",
          "fieldValue": "",
          "hasCheckAll": false,
          "columnWidth": 133,
          "footerContent": ""
        },
        {
          "fieldType": "input-box",
          "fieldName": "Claim Number",
          "fieldValue": "1234",
          "hasCheckAll": false,
          "columnWidth": 133,
          "footerContent": ""
        }
      ],
      "expandData": {
        "areaTitle": "",
        "fieldList": [
          {
            "fieldType": "label-center",
            "fieldName": "Claim Adjustment Reason Code Details",
            "fieldValue": "Conseqtetur adipiscing elit claim adjustment reason code details goes here"
          },
          {
            "fieldType": "label",
            "fieldName": "Remark Code Details",
            "fieldValue": "Lorem ipsum dolor remark code details goes here"
          }
        ]
      }
    }
  ]
}
